Date,customerage,transactionduration,loginattempts,txn_hour,is_night,is_weekend,mcc,high_risk_mcc,medium_risk_mcc,new_device,new_ip,customer_tenure_days,short_tenure,unusual_mcc_for_customer,txn_velocity_5min_sim,high_frequency,freq_2plus,proxy,transactiontype_Credit,transactiontype_Debit,transactiontype_nan,channel_Branch,channel_Online,channel_nan,customeroccupation_Doctor,customeroccupation_Engineer,customeroccupation_Retired,customeroccupation_Student,customeroccupation_nan,mcc_risk_low,mcc_risk_medium,mcc_risk_nan,country_BR,country_CA,country_DE,country_FR,country_GB,country_IN,country_MX,country_PL,country_SG,country_UA,country_US,country_nan,[ACTUALS],[PREDICTIONS],[UPPER95],[LOWER95],[PKEY]
09/01/2023,26.0,143.0,1.0,18.0,0.0,0.0,4111.0,0.0,0.0,1.0,0.0,1024.0,0.0,1.0,1.0,0.0,0.0,0.0,0.0,1.0,0.0,0.0,1.0,0.0,0.0,0.0,0.0,1.0,0.0,1.0,0.0,0.0,0.0,0.0,0.0,0.0,0.0,0.0,0.0,0.0,0.0,0.0,1.0,0.0,0.0,0.979:0.021,1,0,admin_maads_train_aug_binary_csv
05/24/2023,32.0,31.0,1.0,17.0,0.0,0.0,5732.0,0.0,1.0,1.0,1.0,419.0,0.0,0.0,1.0,0.0,0.0,0.0,1.0,0.0,0.0,1.0,0.0,0.0,1.0,0.0,0.0,0.0,0.0,0.0,1.0,0.0,0.0,0.0,0.0,0.0,0.0,0.0,0.0,0.0,0.0,0.0,1.0,0.0,0.0,0.979:0.021,1,0,admin_maads_train_aug_binary_csv
08/03/2023,52.0,73.0,1.0,18.0,0.0,0.0,5921.0,1.0,0.0,1.0,1.0,160.0,0.0,1.0,1.0,0.0,0.0,0.0,1.0,0.0,0.0,1.0,0.0,0.0,0.0,0.0,1.0,0.0,0.0,0.0,0.0,0.0,0.0,0.0,0.0,0.0,0.0,0.0,0.0,1.0,0.0,0.0,0.0,0.0,1.0,0.002:0.998,1,0,admin_maads_train_aug_binary_csv
08/07/2023,71.0,61.0,1.0,16.0,0.0,0.0,5732.0,0.0,1.0,1.0,1.0,69.0,0.0,0.0,1.0,0.0,0.0,0.0,0.0,1.0,0.0,0.0,1.0,0.0,0.0,0.0,1.0,0.0,0.0,0.0,1.0,0.0,0.0,0.0,0.0,0.0,0.0,0.0,0.0,0.0,0.0,0.0,1.0,0.0,0.0,0.987:0.013,1,0,admin_maads_train_aug_binary_csv
08/21/2023,23.0,72.0,1.0,17.0,0.0,0.0,5732.0,0.0,1.0,1.0,1.0,119.0,0.0,1.0,1.0,0.0,0.0,0.0,0.0,1.0,0.0,0.0,1.0,0.0,0.0,0.0,0.0,1.0,0.0,0.0,1.0,0.0,0.0,0.0,0.0,0.0,0.0,0.0,0.0,0.0,0.0,0.0,1.0,0.0,0.0,0.568:0.432,1,0,admin_maads_train_aug_binary_csv
05/15/2023,28.0,144.0,1.0,18.0,0.0,0.0,5311.0,0.0,0.0,1.0,1.0,521.0,0.0,0.0,3.0,1.0,1.0,0.0,1.0,0.0,0.0,0.0,0.0,0.0,0.0,0.0,0.0,1.0,0.0,1.0,0.0,0.0,0.0,0.0,0.0,0.0,1.0,0.0,0.0,0.0,0.0,0.0,0.0,0.0,0.0,0.959:0.041,1,0,admin_maads_train_aug_binary_csv
05/08/2023,66.0,72.0,1.0,16.0,0.0,0.0,7299.0,1.0,0.0,1.0,1.0,482.0,0.0,0.0,1.0,0.0,0.0,0.0,0.0,1.0,0.0,1.0,0.0,0.0,0.0,0.0,1.0,0.0,0.0,0.0,0.0,0.0,0.0,0.0,0.0,0.0,0.0,0.0,0.0,0.0,0.0,0.0,1.0,0.0,0.0,0.626:0.374,1,0,admin_maads_train_aug_binary_csv
10/24/2023,29.0,67.0,1.0,17.0,0.0,0.0,5734.0,0.0,1.0,1.0,1.0,236.0,0.0,1.0,1.0,0.0,0.0,0.0,1.0,0.0,0.0,0.0,1.0,0.0,1.0,0.0,0.0,0.0,0.0,0.0,1.0,0.0,0.0,0.0,0.0,0.0,0.0,0.0,0.0,0.0,0.0,0.0,1.0,0.0,0.0,0.588:0.412,1,0,admin_maads_train_aug_binary_csv
10/12/2023,66.0,90.0,2.0,17.0,0.0,0.0,5734.0,0.0,1.0,1.0,1.0,563.0,0.0,0.0,1.0,0.0,0.0,0.0,0.0,1.0,0.0,0.0,0.0,0.0,1.0,0.0,0.0,0.0,0.0,0.0,1.0,0.0,0.0,0.0,0.0,0.0,0.0,0.0,0.0,0.0,0.0,0.0,1.0,0.0,0.0,0.985:0.015,1,0,admin_maads_train_aug_binary_csv
11/03/2023,79.0,120.0,1.0,18.0,0.0,0.0,5311.0,0.0,0.0,1.0,1.0,195.0,0.0,1.0,1.0,0.0,0.0,0.0,0.0,1.0,0.0,1.0,0.0,0.0,0.0,0.0,1.0,0.0,0.0,1.0,0.0,0.0,0.0,0.0,0.0,0.0,0.0,0.0,0.0,0.0,0.0,0.0,1.0,0.0,0.0,0.766:0.234,1,0,admin_maads_train_aug_binary_csv
07/18/2023,61.0,79.0,1.0,18.0,0.0,0.0,5311.0,0.0,0.0,1.0,1.0,603.0,0.0,0.0,1.0,0.0,0.0,0.0,1.0,0.0,0.0,0.0,1.0,0.0,1.0,0.0,0.0,0.0,0.0,1.0,0.0,0.0,0.0,0.0,0.0,0.0,0.0,0.0,0.0,0.0,0.0,0.0,1.0,0.0,0.0,0.995:0.005,1,0,admin_maads_train_aug_binary_csv
07/10/2023,22.0,234.0,1.0,16.0,0.0,0.0,5814.0,0.0,0.0,1.0,1.0,177.0,0.0,0.0,1.0,0.0,0.0,0.0,1.0,0.0,0.0,0.0,1.0,0.0,0.0,0.0,0.0,1.0,0.0,1.0,0.0,0.0,0.0,0.0,0.0,0.0,0.0,0.0,0.0,0.0,0.0,0.0,1.0,0.0,0.0,0.993:0.007,1,0,admin_maads_train_aug_binary_csv
01/16/2023,21.0,18.0,1.0,16.0,0.0,0.0,7995.0,1.0,0.0,1.0,1.0,395.0,0.0,0.0,1.0,0.0,0.0,0.0,0.0,1.0,0.0,1.0,0.0,0.0,0.0,0.0,0.0,1.0,0.0,0.0,0.0,0.0,0.0,0.0,0.0,0.0,0.0,0.0,0.0,0.0,0.0,0.0,1.0,0.0,0.0,0.515:0.485,1,0,admin_maads_train_aug_binary_csv
06/21/2023,29.0,221.0,4.0,16.0,0.0,0.0,4111.0,0.0,0.0,1.0,1.0,323.0,0.0,0.0,1.0,0.0,0.0,0.0,0.0,1.0,0.0,0.0,0.0,0.0,1.0,0.0,0.0,0.0,0.0,1.0,0.0,0.0,0.0,0.0,0.0,0.0,0.0,0.0,0.0,0.0,0.0,0.0,1.0,0.0,0.0,0.984:0.016,1,0,admin_maads_train_aug_binary_csv
11/20/2023,59.0,14.0,1.0,17.0,0.0,0.0,6011.0,1.0,0.0,1.0,1.0,720.0,0.0,0.0,1.0,0.0,0.0,0.0,0.0,1.0,0.0,0.0,1.0,0.0,1.0,0.0,0.0,0.0,0.0,0.0,0.0,0.0,0.0,0.0,0.0,0.0,0.0,0.0,0.0,0.0,0.0,0.0,1.0,0.0,0.0,0.722:0.278,1,0,admin_maads_train_aug_binary_csv
09/19/2023,25.0,243.0,1.0,17.0,0.0,0.0,5944.0,0.0,1.0,1.0,1.0,207.0,0.0,0.0,1.0,0.0,0.0,0.0,0.0,1.0,0.0,0.0,0.0,0.0,0.0,0.0,0.0,1.0,0.0,0.0,1.0,0.0,0.0,0.0,0.0,0.0,0.0,0.0,0.0,0.0,0.0,0.0,1.0,0.0,0.0,0.985:0.015,1,0,admin_maads_train_aug_binary_csv
07/03/2023,58.0,144.0,1.0,17.0,0.0,0.0,6011.0,1.0,0.0,1.0,1.0,100.0,0.0,1.0,1.0,0.0,0.0,0.0,0.0,1.0,0.0,1.0,0.0,0.0,0.0,1.0,0.0,0.0,0.0,0.0,0.0,0.0,0.0,0.0,0.0,0.0,0.0,0.0,0.0,0.0,0.0,0.0,1.0,0.0,1.0,0.061:0.939,1,0,admin_maads_train_aug_binary_csv
03/27/2023,78.0,103.0,1.0,18.0,0.0,0.0,5311.0,0.0,0.0,1.0,1.0,265.0,0.0,1.0,3.0,1.0,1.0,0.0,0.0,1.0,0.0,0.0,0.0,0.0,0.0,0.0,1.0,0.0,0.0,1.0,0.0,0.0,0.0,0.0,0.0,0.0,0.0,0.0,0.0,0.0,0.0,0.0,1.0,0.0,1.0,0.310:0.690,1,0,admin_maads_train_aug_binary_csv
06/09/2023,29.0,69.0,1.0,16.0,0.0,0.0,6011.0,1.0,0.0,1.0,1.0,271.0,0.0,0.0,1.0,0.0,0.0,0.0,1.0,0.0,0.0,1.0,0.0,0.0,0.0,1.0,0.0,0.0,0.0,0.0,0.0,0.0,0.0,0.0,0.0,0.0,0.0,0.0,0.0,0.0,0.0,0.0,1.0,0.0,0.0,0.642:0.358,1,0,admin_maads_train_aug_binary_csv
03/01/2023,55.0,238.0,1.0,16.0,0.0,0.0,5732.0,0.0,1.0,1.0,1.0,338.0,0.0,0.0,4.0,1.0,1.0,0.0,0.0,1.0,0.0,0.0,1.0,0.0,0.0,1.0,0.0,0.0,0.0,0.0,1.0,0.0,1.0,0.0,0.0,0.0,0.0,0.0,0.0,0.0,0.0,0.0,0.0,0.0,0.0,0.806:0.194,1,0,admin_maads_train_aug_binary_csv
05/08/2023,23.0,141.0,1.0,16.0,0.0,0.0,4829.0,1.0,0.0,1.0,1.0,207.0,0.0,0.0,1.0,0.0,0.0,0.0,1.0,0.0,0.0,1.0,0.0,0.0,0.0,0.0,0.0,1.0,0.0,0.0,0.0,0.0,0.0,0.0,0.0,0.0,0.0,0.0,0.0,0.0,0.0,0.0,1.0,0.0,0.0,0.643:0.357,1,0,admin_maads_train_aug_binary_csv
02/06/2023,39.0,170.0,1.0,16.0,0.0,0.0,5812.0,0.0,0.0,1.0,1.0,317.0,0.0,0.0,1.0,0.0,0.0,0.0,0.0,1.0,0.0,1.0,0.0,0.0,0.0,1.0,0.0,0.0,0.0,1.0,0.0,0.0,0.0,0.0,0.0,0.0,0.0,0.0,0.0,0.0,0.0,0.0,1.0,0.0,0.0,0.992:0.008,1,0,admin_maads_train_aug_binary_csv
12/21/2023,65.0,283.0,1.0,17.0,0.0,0.0,6011.0,1.0,0.0,1.0,1.0,306.0,0.0,0.0,1.0,0.0,0.0,0.0,0.0,1.0,0.0,0.0,0.0,0.0,1.0,0.0,0.0,0.0,0.0,0.0,0.0,0.0,0.0,0.0,0.0,0.0,0.0,0.0,0.0,0.0,0.0,0.0,1.0,0.0,0.0,0.779:0.221,1,0,admin_maads_train_aug_binary_csv
03/15/2023,51.0,174.0,1.0,17.0,0.0,0.0,5814.0,0.0,0.0,1.0,1.0,145.0,0.0,0.0,1.0,0.0,0.0,0.0,0.0,1.0,0.0,1.0,0.0,0.0,1.0,0.0,0.0,0.0,0.0,1.0,0.0,0.0,0.0,0.0,0.0,0.0,0.0,0.0,0.0,0.0,0.0,0.0,1.0,0.0,0.0,0.992:0.008,1,0,admin_maads_train_aug_binary_csv
10/16/2023,55.0,37.0,2.0,16.0,0.0,0.0,7299.0,1.0,0.0,1.0,1.0,427.0,0.0,1.0,1.0,0.0,0.0,0.0,1.0,0.0,0.0,0.0,0.0,0.0,0.0,1.0,0.0,0.0,0.0,0.0,0.0,0.0,0.0,0.0,0.0,0.0,0.0,0.0,0.0,0.0,0.0,0.0,1.0,0.0,1.0,0.045:0.955,1,0,admin_maads_train_aug_binary_csv
03/20/2023,80.0,229.0,1.0,17.0,0.0,0.0,7299.0,1.0,0.0,1.0,1.0,546.0,0.0,1.0,1.0,0.0,0.0,0.0,0.0,1.0,0.0,0.0,0.0,0.0,0.0,0.0,1.0,0.0,0.0,0.0,0.0,0.0,0.0,0.0,0.0,0.0,0.0,0.0,0.0,0.0,0.0,0.0,1.0,0.0,1.0,0.066:0.934,1,0,admin_maads_train_aug_binary_csv
12/28/2023,37.0,51.0,1.0,17.0,0.0,0.0,5921.0,1.0,0.0,1.0,1.0,272.0,0.0,1.0,1.0,0.0,0.0,1.0,0.0,1.0,0.0,0.0,0.0,0.0,0.0,1.0,0.0,0.0,0.0,0.0,0.0,0.0,0.0,0.0,0.0,0.0,0.0,0.0,0.0,0.0,0.0,0.0,1.0,0.0,1.0,0.001:0.999,1,0,admin_maads_train_aug_binary_csv
11/20/2023,26.0,123.0,1.0,16.0,0.0,0.0,5732.0,0.0,1.0,1.0,1.0,280.0,0.0,1.0,3.0,1.0,1.0,0.0,0.0,1.0,0.0,0.0,0.0,0.0,0.0,0.0,0.0,1.0,0.0,0.0,1.0,0.0,0.0,0.0,0.0,0.0,0.0,0.0,0.0,0.0,0.0,0.0,1.0,0.0,1.0,0.140:0.860,1,0,admin_maads_train_aug_binary_csv
11/20/2023,68.0,198.0,1.0,16.0,0.0,0.0,5944.0,0.0,1.0,1.0,1.0,90.0,0.0,1.0,1.0,0.0,0.0,0.0,0.0,1.0,0.0,0.0,0.0,0.0,0.0,0.0,1.0,0.0,0.0,0.0,1.0,0.0,0.0,0.0,0.0,0.0,0.0,0.0,0.0,0.0,0.0,0.0,1.0,0.0,0.0,0.641:0.359,1,0,admin_maads_train_aug_binary_csv
07/27/2023,45.0,17.0,1.0,17.0,0.0,0.0,4111.0,0.0,0.0,1.0,1.0,551.0,0.0,0.0,1.0,0.0,0.0,1.0,0.0,1.0,0.0,0.0,0.0,0.0,0.0,1.0,0.0,0.0,0.0,1.0,0.0,0.0,0.0,0.0,0.0,0.0,0.0,0.0,0.0,0.0,0.0,0.0,1.0,0.0,0.0,0.757:0.243,1,0,admin_maads_train_aug_binary_csv
07/31/2023,29.0,275.0,4.0,16.0,0.0,0.0,5734.0,0.0,1.0,1.0,1.0,282.0,0.0,0.0,1.0,0.0,0.0,0.0,1.0,0.0,0.0,1.0,0.0,0.0,0.0,1.0,0.0,0.0,0.0,0.0,1.0,0.0,0.0,0.0,0.0,0.0,0.0,0.0,0.0,0.0,0.0,0.0,1.0,0.0,0.0,0.975:0.025,1,0,admin_maads_train_aug_binary_csv
02/27/2023,32.0,31.0,1.0,16.0,0.0,0.0,5311.0,0.0,0.0,1.0,1.0,284.0,0.0,0.0,4.0,1.0,1.0,1.0,0.0,1.0,0.0,1.0,0.0,0.0,0.0,1.0,0.0,0.0,0.0,1.0,0.0,0.0,0.0,0.0,0.0,0.0,0.0,0.0,0.0,0.0,0.0,0.0,1.0,0.0,0.0,0.127:0.873,1,0,admin_maads_train_aug_binary_csv
05/22/2023,39.0,167.0,1.0,17.0,0.0,0.0,4111.0,0.0,0.0,1.0,1.0,603.0,0.0,0.0,1.0,0.0,0.0,0.0,0.0,1.0,0.0,1.0,0.0,0.0,0.0,1.0,0.0,0.0,0.0,1.0,0.0,0.0,0.0,0.0,0.0,0.0,0.0,0.0,0.0,0.0,0.0,0.0,1.0,0.0,0.0,0.993:0.007,1,0,admin_maads_train_aug_binary_csv
06/26/2023,60.0,133.0,1.0,18.0,0.0,0.0,5734.0,0.0,1.0,1.0,1.0,171.0,0.0,0.0,1.0,0.0,0.0,0.0,0.0,1.0,0.0,1.0,0.0,0.0,1.0,0.0,0.0,0.0,0.0,0.0,1.0,0.0,0.0,0.0,0.0,0.0,0.0,0.0,0.0,0.0,0.0,0.0,1.0,0.0,0.0,0.986:0.014,1,0,admin_maads_train_aug_binary_csv
08/25/2023,56.0,96.0,1.0,18.0,0.0,0.0,5311.0,0.0,0.0,1.0,1.0,94.0,0.0,0.0,1.0,0.0,0.0,0.0,0.0,1.0,0.0,1.0,0.0,0.0,0.0,0.0,1.0,0.0,0.0,1.0,0.0,0.0,0.0,0.0,0.0,0.0,0.0,0.0,0.0,0.0,0.0,0.0,1.0,0.0,0.0,0.990:0.010,1,0,admin_maads_train_aug_binary_csv
05/22/2023,69.0,148.0,1.0,17.0,0.0,0.0,5921.0,1.0,0.0,1.0,1.0,151.0,0.0,0.0,1.0,0.0,0.0,0.0,0.0,1.0,0.0,1.0,0.0,0.0,0.0,0.0,1.0,0.0,0.0,0.0,0.0,0.0,0.0,0.0,0.0,0.0,0.0,0.0,0.0,0.0,0.0,0.0,1.0,0.0,0.0,0.678:0.322,1,0,admin_maads_train_aug_binary_csv
08/10/2023,60.0,180.0,1.0,16.0,0.0,0.0,5734.0,0.0,1.0,1.0,1.0,667.0,0.0,1.0,1.0,0.0,0.0,0.0,0.0,1.0,0.0,0.0,0.0,0.0,0.0,1.0,0.0,0.0,0.0,0.0,1.0,0.0,0.0,0.0,0.0,0.0,0.0,0.0,0.0,0.0,0.0,0.0,1.0,0.0,0.0,0.727:0.273,1,0,admin_maads_train_aug_binary_csv
03/10/2023,72.0,82.0,1.0,17.0,0.0,0.0,7995.0,1.0,0.0,1.0,1.0,138.0,0.0,0.0,2.0,0.0,1.0,1.0,0.0,1.0,0.0,0.0,1.0,0.0,0.0,0.0,1.0,0.0,0.0,0.0,0.0,0.0,0.0,0.0,0.0,0.0,0.0,0.0,0.0,0.0,0.0,0.0,1.0,0.0,1.0,0.008:0.992,1,0,admin_maads_train_aug_binary_csv
12/06/2023,41.0,151.0,1.0,17.0,0.0,0.0,5411.0,0.0,0.0,1.0,1.0,486.0,0.0,0.0,1.0,0.0,0.0,0.0,0.0,1.0,0.0,1.0,0.0,0.0,0.0,1.0,0.0,0.0,0.0,1.0,0.0,0.0,0.0,0.0,0.0,0.0,0.0,0.0,0.0,0.0,0.0,0.0,1.0,0.0,0.0,0.993:0.007,1,0,admin_maads_train_aug_binary_csv
11/17/2023,23.0,254.0,1.0,17.0,0.0,0.0,6011.0,1.0,0.0,1.0,1.0,196.0,0.0,0.0,1.0,0.0,0.0,0.0,1.0,0.0,0.0,1.0,0.0,0.0,0.0,0.0,0.0,1.0,0.0,0.0,0.0,0.0,0.0,0.0,0.0,0.0,0.0,0.0,0.0,1.0,0.0,0.0,0.0,0.0,0.0,0.095:0.905,1,0,admin_maads_train_aug_binary_csv
10/06/2023,57.0,92.0,1.0,16.0,0.0,0.0,4121.0,0.0,0.0,0.0,1.0,433.0,0.0,1.0,1.0,0.0,0.0,0.0,0.0,1.0,0.0,0.0,0.0,0.0,0.0,0.0,1.0,0.0,0.0,1.0,0.0,0.0,0.0,0.0,0.0,0.0,0.0,0.0,0.0,0.0,0.0,0.0,1.0,0.0,0.0,0.951:0.049,1,0,admin_maads_train_aug_binary_csv
03/14/2023,33.0,53.0,1.0,16.0,0.0,0.0,5734.0,0.0,1.0,1.0,1.0,124.0,0.0,0.0,2.0,0.0,1.0,0.0,0.0,1.0,0.0,0.0,0.0,0.0,1.0,0.0,0.0,0.0,0.0,0.0,1.0,0.0,0.0,0.0,0.0,0.0,0.0,0.0,0.0,0.0,0.0,0.0,1.0,0.0,0.0,0.878:0.122,1,0,admin_maads_train_aug_binary_csv
07/06/2023,22.0,140.0,1.0,18.0,0.0,0.0,6011.0,1.0,0.0,1.0,1.0,469.0,0.0,1.0,1.0,0.0,0.0,0.0,0.0,1.0,0.0,0.0,1.0,0.0,0.0,0.0,0.0,1.0,0.0,0.0,0.0,0.0,0.0,0.0,0.0,0.0,0.0,0.0,0.0,0.0,0.0,0.0,1.0,0.0,1.0,0.047:0.953,1,0,admin_maads_train_aug_binary_csv
02/10/2023,40.0,104.0,1.0,16.0,0.0,0.0,7995.0,1.0,0.0,1.0,1.0,234.0,0.0,0.0,1.0,0.0,0.0,0.0,0.0,1.0,0.0,0.0,1.0,0.0,0.0,1.0,0.0,0.0,0.0,0.0,0.0,0.0,0.0,0.0,0.0,0.0,0.0,0.0,0.0,0.0,0.0,0.0,1.0,0.0,0.0,0.695:0.305,1,0,admin_maads_train_aug_binary_csv
09/13/2023,38.0,260.0,1.0,16.0,0.0,0.0,5921.0,1.0,0.0,1.0,1.0,176.0,0.0,1.0,1.0,0.0,0.0,0.0,0.0,1.0,0.0,0.0,0.0,0.0,1.0,0.0,0.0,0.0,0.0,0.0,0.0,0.0,0.0,0.0,0.0,0.0,0.0,0.0,0.0,0.0,0.0,0.0,1.0,0.0,1.0,0.051:0.949,1,0,admin_maads_train_aug_binary_csv
02/10/2023,29.0,106.0,1.0,18.0,0.0,0.0,6011.0,1.0,0.0,1.0,1.0,872.0,0.0,0.0,1.0,0.0,0.0,0.0,0.0,1.0,0.0,0.0,0.0,0.0,0.0,1.0,0.0,0.0,0.0,0.0,0.0,0.0,0.0,0.0,0.0,0.0,0.0,0.0,0.0,0.0,0.0,0.0,1.0,0.0,1.0,0.684:0.316,1,0,admin_maads_train_aug_binary_csv
04/24/2023,24.0,13.0,1.0,16.0,0.0,0.0,5411.0,0.0,0.0,1.0,1.0,412.0,0.0,0.0,1.0,0.0,0.0,0.0,0.0,1.0,0.0,0.0,1.0,0.0,0.0,0.0,0.0,1.0,0.0,1.0,0.0,0.0,0.0,0.0,0.0,0.0,0.0,0.0,0.0,0.0,0.0,0.0,1.0,0.0,0.0,0.990:0.010,1,0,admin_maads_train_aug_binary_csv
06/19/2023,26.0,23.0,1.0,17.0,0.0,0.0,5921.0,1.0,0.0,1.0,1.0,378.0,0.0,0.0,1.0,0.0,0.0,0.0,0.0,1.0,0.0,0.0,0.0,0.0,0.0,0.0,0.0,1.0,0.0,0.0,0.0,0.0,0.0,0.0,0.0,1.0,0.0,0.0,0.0,0.0,0.0,0.0,0.0,0.0,0.0,0.309:0.691,1,0,admin_maads_train_aug_binary_csv
05/15/2023,48.0,127.0,1.0,16.0,0.0,0.0,5734.0,0.0,1.0,1.0,1.0,193.0,0.0,0.0,1.0,0.0,0.0,0.0,1.0,0.0,0.0,0.0,1.0,0.0,1.0,0.0,0.0,0.0,0.0,0.0,1.0,0.0,0.0,0.0,0.0,0.0,0.0,0.0,0.0,0.0,0.0,0.0,1.0,0.0,0.0,0.988:0.012,1,0,admin_maads_train_aug_binary_csv
09/05/2023,23.0,15.0,1.0,16.0,0.0,0.0,4111.0,0.0,0.0,1.0,1.0,254.0,0.0,0.0,1.0,0.0,0.0,0.0,0.0,1.0,0.0,1.0,0.0,0.0,0.0,0.0,0.0,1.0,0.0,1.0,0.0,0.0,0.0,0.0,0.0,0.0,0.0,0.0,0.0,0.0,0.0,0.0,1.0,0.0,0.0,0.987:0.013,1,0,admin_maads_train_aug_binary_csv
08/14/2023,65.0,128.0,1.0,16.0,0.0,0.0,5734.0,0.0,1.0,1.0,1.0,276.0,0.0,0.0,1.0,0.0,0.0,0.0,0.0,1.0,0.0,0.0,0.0,0.0,1.0,0.0,0.0,0.0,0.0,0.0,1.0,0.0,0.0,0.0,0.0,0.0,0.0,0.0,0.0,0.0,0.0,0.0,1.0,0.0,0.0,0.988:0.012,1,0,admin_maads_train_aug_binary_csv
10/30/2023,32.0,217.0,1.0,17.0,0.0,0.0,5812.0,0.0,0.0,1.0,1.0,56.0,1.0,1.0,1.0,0.0,0.0,0.0,0.0,1.0,0.0,1.0,0.0,0.0,0.0,1.0,0.0,0.0,0.0,1.0,0.0,0.0,0.0,0.0,0.0,0.0,0.0,0.0,0.0,0.0,0.0,0.0,1.0,0.0,0.0,0.818:0.182,1,0,admin_maads_train_aug_binary_csv
06/13/2023,37.0,274.0,5.0,17.0,0.0,0.0,5814.0,0.0,0.0,1.0,1.0,303.0,0.0,0.0,3.0,1.0,1.0,0.0,1.0,0.0,0.0,0.0,1.0,0.0,1.0,0.0,0.0,0.0,0.0,1.0,0.0,0.0,0.0,0.0,0.0,0.0,0.0,0.0,0.0,0.0,0.0,0.0,1.0,0.0,0.0,0.896:0.104,1,0,admin_maads_train_aug_binary_csv
05/22/2023,45.0,60.0,1.0,16.0,0.0,0.0,5814.0,0.0,0.0,1.0,1.0,658.0,0.0,0.0,1.0,0.0,0.0,0.0,0.0,1.0,0.0,0.0,0.0,0.0,0.0,1.0,0.0,0.0,0.0,1.0,0.0,0.0,0.0,0.0,0.0,0.0,0.0,0.0,0.0,0.0,0.0,0.0,1.0,0.0,0.0,0.993:0.007,1,0,admin_maads_train_aug_binary_csv
09/11/2023,43.0,101.0,1.0,16.0,0.0,0.0,5944.0,0.0,1.0,1.0,1.0,449.0,0.0,1.0,1.0,0.0,0.0,1.0,1.0,0.0,0.0,1.0,0.0,0.0,1.0,0.0,0.0,0.0,0.0,0.0,1.0,0.0,0.0,0.0,0.0,0.0,0.0,0.0,0.0,0.0,0.0,0.0,1.0,0.0,1.0,0.030:0.970,1,0,admin_maads_train_aug_binary_csv
03/02/2023,21.0,96.0,1.0,16.0,0.0,0.0,5944.0,0.0,1.0,1.0,1.0,285.0,0.0,0.0,1.0,0.0,0.0,0.0,0.0,1.0,0.0,0.0,1.0,0.0,0.0,0.0,0.0,1.0,0.0,0.0,1.0,0.0,0.0,0.0,0.0,0.0,0.0,0.0,0.0,0.0,0.0,0.0,1.0,0.0,0.0,0.982:0.018,1,0,admin_maads_train_aug_binary_csv
12/18/2023,54.0,165.0,1.0,18.0,0.0,0.0,5812.0,0.0,0.0,1.0,1.0,603.0,0.0,1.0,1.0,0.0,0.0,0.0,0.0,1.0,0.0,1.0,0.0,0.0,0.0,1.0,0.0,0.0,0.0,1.0,0.0,0.0,0.0,0.0,0.0,0.0,0.0,0.0,0.0,0.0,0.0,0.0,1.0,0.0,0.0,0.799:0.201,1,0,admin_maads_train_aug_binary_csv
10/12/2023,55.0,115.0,1.0,17.0,0.0,0.0,5732.0,0.0,1.0,1.0,1.0,1387.0,0.0,0.0,1.0,0.0,0.0,0.0,0.0,1.0,0.0,1.0,0.0,0.0,1.0,0.0,0.0,0.0,0.0,0.0,1.0,0.0,0.0,0.0,0.0,0.0,0.0,0.0,0.0,0.0,0.0,0.0,1.0,0.0,0.0,0.987:0.013,1,0,admin_maads_train_aug_binary_csv
03/08/2023,64.0,55.0,1.0,17.0,0.0,0.0,5411.0,0.0,0.0,1.0,1.0,191.0,0.0,0.0,1.0,0.0,0.0,0.0,0.0,1.0,0.0,0.0,0.0,0.0,0.0,0.0,1.0,0.0,0.0,1.0,0.0,0.0,0.0,0.0,0.0,0.0,0.0,0.0,0.0,0.0,0.0,0.0,1.0,0.0,0.0,0.991:0.009,1,0,admin_maads_train_aug_binary_csv
01/16/2023,42.0,37.0,1.0,17.0,0.0,0.0,5734.0,0.0,1.0,1.0,1.0,285.0,0.0,0.0,1.0,0.0,0.0,0.0,1.0,0.0,0.0,1.0,0.0,0.0,1.0,0.0,0.0,0.0,0.0,0.0,1.0,0.0,0.0,0.0,0.0,0.0,0.0,0.0,0.0,0.0,0.0,0.0,1.0,0.0,0.0,0.981:0.019,1,0,admin_maads_train_aug_binary_csv
12/05/2023,19.0,32.0,1.0,17.0,0.0,0.0,5734.0,0.0,1.0,1.0,1.0,191.0,0.0,0.0,1.0,0.0,0.0,0.0,0.0,1.0,0.0,1.0,0.0,0.0,0.0,0.0,0.0,1.0,0.0,0.0,1.0,0.0,0.0,0.0,0.0,0.0,0.0,0.0,0.0,0.0,0.0,0.0,1.0,0.0,0.0,0.974:0.026,1,0,admin_maads_train_aug_binary_csv
11/06/2023,18.0,105.0,1.0,17.0,0.0,0.0,5732.0,0.0,1.0,1.0,1.0,872.0,0.0,1.0,3.0,1.0,1.0,0.0,1.0,0.0,0.0,0.0,1.0,0.0,0.0,0.0,0.0,1.0,0.0,0.0,1.0,0.0,0.0,0.0,0.0,0.0,0.0,0.0,0.0,0.0,0.0,0.0,1.0,0.0,0.0,0.171:0.829,1,0,admin_maads_train_aug_binary_csv
01/02/2023,24.0,107.0,1.0,18.0,0.0,0.0,5411.0,0.0,0.0,1.0,1.0,324.0,0.0,0.0,1.0,0.0,0.0,0.0,1.0,0.0,0.0,1.0,0.0,0.0,0.0,0.0,0.0,1.0,0.0,1.0,0.0,0.0,0.0,0.0,0.0,0.0,0.0,0.0,0.0,0.0,0.0,0.0,1.0,0.0,0.0,0.990:0.010,1,0,admin_maads_train_aug_binary_csv
04/11/2023,70.0,81.0,1.0,16.0,0.0,0.0,5734.0,0.0,1.0,1.0,1.0,128.0,0.0,0.0,5.0,1.0,1.0,1.0,0.0,1.0,0.0,0.0,0.0,0.0,1.0,0.0,0.0,0.0,0.0,0.0,1.0,0.0,0.0,0.0,0.0,0.0,0.0,0.0,0.0,0.0,0.0,0.0,1.0,0.0,0.0,0.064:0.936,1,0,admin_maads_train_aug_binary_csv
07/17/2023,57.0,78.0,1.0,17.0,0.0,0.0,5734.0,0.0,1.0,1.0,1.0,606.0,0.0,0.0,1.0,0.0,0.0,0.0,0.0,1.0,0.0,0.0,0.0,0.0,0.0,1.0,0.0,0.0,0.0,0.0,1.0,0.0,0.0,0.0,0.0,0.0,0.0,0.0,0.0,0.0,0.0,0.0,1.0,0.0,0.0,0.989:0.011,1,0,admin_maads_train_aug_binary_csv
04/25/2023,19.0,179.0,1.0,17.0,0.0,0.0,7995.0,1.0,0.0,1.0,1.0,176.0,0.0,0.0,1.0,0.0,0.0,0.0,0.0,1.0,0.0,0.0,1.0,0.0,0.0,0.0,0.0,1.0,0.0,0.0,0.0,0.0,0.0,0.0,0.0,0.0,0.0,0.0,0.0,0.0,0.0,0.0,1.0,0.0,0.0,0.635:0.365,1,0,admin_maads_train_aug_binary_csv
10/02/2023,68.0,18.0,1.0,16.0,0.0,0.0,7995.0,1.0,0.0,1.0,1.0,303.0,0.0,0.0,1.0,0.0,0.0,0.0,0.0,1.0,0.0,0.0,1.0,0.0,0.0,0.0,1.0,0.0,0.0,0.0,0.0,0.0,0.0,0.0,0.0,0.0,0.0,0.0,0.0,0.0,0.0,0.0,1.0,0.0,0.0,0.656:0.344,1,0,admin_maads_train_aug_binary_csv
02/20/2023,29.0,51.0,1.0,16.0,0.0,0.0,5732.0,0.0,1.0,1.0,1.0,289.0,0.0,0.0,1.0,0.0,0.0,0.0,0.0,1.0,0.0,1.0,0.0,0.0,1.0,0.0,0.0,0.0,0.0,0.0,1.0,0.0,0.0,0.0,0.0,0.0,0.0,0.0,0.0,0.0,0.0,0.0,1.0,0.0,0.0,0.976:0.024,1,0,admin_maads_train_aug_binary_csv
05/26/2023,28.0,197.0,1.0,17.0,0.0,0.0,6011.0,1.0,0.0,1.0,1.0,285.0,0.0,1.0,1.0,0.0,0.0,0.0,0.0,1.0,0.0,0.0,1.0,0.0,0.0,0.0,0.0,1.0,0.0,0.0,0.0,0.0,0.0,0.0,0.0,0.0,0.0,0.0,0.0,0.0,0.0,0.0,1.0,0.0,1.0,0.053:0.947,1,0,admin_maads_train_aug_binary_csv
10/16/2023,23.0,136.0,1.0,17.0,0.0,0.0,5311.0,0.0,0.0,1.0,1.0,95.0,0.0,0.0,1.0,0.0,0.0,0.0,0.0,1.0,0.0,1.0,0.0,0.0,0.0,0.0,0.0,1.0,0.0,1.0,0.0,0.0,0.0,0.0,0.0,0.0,0.0,0.0,0.0,0.0,0.0,0.0,1.0,0.0,0.0,0.989:0.011,1,0,admin_maads_train_aug_binary_csv
02/21/2023,19.0,52.0,1.0,16.0,0.0,0.0,6011.0,1.0,0.0,1.0,1.0,59.0,1.0,0.0,1.0,0.0,0.0,0.0,0.0,1.0,0.0,0.0,0.0,0.0,0.0,0.0,0.0,1.0,0.0,0.0,0.0,0.0,0.0,0.0,0.0,0.0,0.0,0.0,0.0,0.0,0.0,0.0,1.0,0.0,0.0,0.673:0.327,1,0,admin_maads_train_aug_binary_csv
12/11/2023,62.0,27.0,1.0,16.0,0.0,0.0,5311.0,0.0,0.0,1.0,1.0,612.0,0.0,0.0,2.0,0.0,1.0,0.0,0.0,1.0,0.0,0.0,0.0,0.0,0.0,0.0,1.0,0.0,0.0,1.0,0.0,0.0,0.0,0.0,0.0,0.0,0.0,0.0,0.0,0.0,0.0,0.0,1.0,0.0,0.0,0.943:0.057,1,0,admin_maads_train_aug_binary_csv
10/09/2023,53.0,87.0,1.0,18.0,0.0,0.0,4111.0,0.0,0.0,1.0,1.0,548.0,0.0,0.0,1.0,0.0,0.0,0.0,0.0,1.0,0.0,0.0,0.0,0.0,0.0,0.0,1.0,0.0,0.0,1.0,0.0,0.0,0.0,0.0,0.0,0.0,0.0,0.0,0.0,0.0,0.0,0.0,1.0,0.0,0.0,0.991:0.009,1,0,admin_maads_train_aug_binary_csv
03/23/2023,46.0,199.0,1.0,16.0,0.0,0.0,5814.0,0.0,0.0,1.0,1.0,957.0,0.0,0.0,2.0,0.0,1.0,1.0,1.0,0.0,0.0,0.0,1.0,0.0,0.0,1.0,0.0,0.0,0.0,1.0,0.0,0.0,0.0,0.0,0.0,0.0,0.0,0.0,0.0,0.0,1.0,0.0,0.0,0.0,0.0,0.129:0.871,1,0,admin_maads_train_aug_binary_csv
07/17/2023,27.0,96.0,1.0,16.0,0.0,0.0,5814.0,0.0,0.0,1.0,1.0,526.0,0.0,1.0,5.0,1.0,1.0,1.0,0.0,1.0,0.0,0.0,0.0,0.0,0.0,0.0,0.0,1.0,0.0,1.0,0.0,0.0,0.0,0.0,0.0,0.0,0.0,0.0,0.0,0.0,0.0,0.0,1.0,0.0,1.0,0.002:0.998,1,0,admin_maads_train_aug_binary_csv
04/25/2023,20.0,170.0,1.0,16.0,0.0,0.0,4829.0,1.0,0.0,1.0,1.0,265.0,0.0,0.0,1.0,0.0,0.0,0.0,0.0,1.0,0.0,0.0,0.0,0.0,0.0,0.0,0.0,1.0,0.0,0.0,0.0,0.0,0.0,0.0,0.0,0.0,0.0,0.0,0.0,0.0,0.0,0.0,1.0,0.0,0.0,0.648:0.352,1,0,admin_maads_train_aug_binary_csv
04/21/2023,73.0,129.0,1.0,16.0,0.0,0.0,7995.0,1.0,0.0,1.0,1.0,241.0,0.0,0.0,1.0,0.0,0.0,0.0,1.0,0.0,0.0,1.0,0.0,0.0,0.0,0.0,1.0,0.0,0.0,0.0,0.0,0.0,0.0,0.0,0.0,0.0,0.0,0.0,0.0,0.0,0.0,0.0,1.0,0.0,0.0,0.672:0.328,1,0,admin_maads_train_aug_binary_csv
10/04/2023,74.0,90.0,1.0,17.0,0.0,0.0,7995.0,1.0,0.0,1.0,1.0,253.0,0.0,0.0,1.0,0.0,0.0,0.0,0.0,1.0,0.0,1.0,0.0,0.0,0.0,0.0,1.0,0.0,0.0,0.0,0.0,0.0,0.0,0.0,0.0,0.0,0.0,0.0,0.0,0.0,0.0,0.0,1.0,0.0,0.0,0.642:0.358,1,0,admin_maads_train_aug_binary_csv
10/16/2023,28.0,31.0,1.0,17.0,0.0,0.0,5944.0,0.0,1.0,1.0,1.0,546.0,0.0,1.0,1.0,0.0,0.0,0.0,0.0,1.0,0.0,1.0,0.0,0.0,0.0,0.0,0.0,1.0,0.0,0.0,1.0,0.0,0.0,0.0,0.0,0.0,0.0,0.0,0.0,0.0,0.0,0.0,1.0,0.0,0.0,0.513:0.487,1,0,admin_maads_train_aug_binary_csv
11/27/2023,24.0,201.0,1.0,16.0,0.0,0.0,7299.0,1.0,0.0,1.0,1.0,295.0,0.0,1.0,1.0,0.0,0.0,0.0,0.0,1.0,0.0,0.0,0.0,0.0,0.0,0.0,0.0,1.0,0.0,0.0,0.0,0.0,0.0,0.0,0.0,0.0,0.0,0.0,0.0,0.0,0.0,0.0,1.0,0.0,1.0,0.039:0.961,1,0,admin_maads_train_aug_binary_csv
03/30/2023,27.0,18.0,1.0,16.0,0.0,0.0,7995.0,1.0,0.0,1.0,1.0,146.0,0.0,0.0,1.0,0.0,0.0,0.0,0.0,1.0,0.0,0.0,0.0,0.0,0.0,0.0,0.0,1.0,0.0,0.0,0.0,0.0,0.0,0.0,0.0,0.0,0.0,0.0,0.0,0.0,0.0,0.0,1.0,0.0,0.0,0.552:0.448,1,0,admin_maads_train_aug_binary_csv
05/22/2023,74.0,95.0,1.0,18.0,0.0,0.0,5732.0,0.0,1.0,1.0,1.0,763.0,0.0,0.0,1.0,0.0,0.0,0.0,0.0,1.0,0.0,0.0,0.0,0.0,0.0,0.0,1.0,0.0,0.0,0.0,1.0,0.0,0.0,0.0,0.0,0.0,0.0,0.0,0.0,0.0,0.0,0.0,1.0,0.0,0.0,0.988:0.012,1,0,admin_maads_train_aug_binary_csv
12/01/2023,66.0,115.0,1.0,17.0,0.0,0.0,4121.0,0.0,0.0,1.0,1.0,427.0,0.0,1.0,1.0,0.0,0.0,0.0,1.0,0.0,0.0,1.0,0.0,0.0,1.0,0.0,0.0,0.0,0.0,1.0,0.0,0.0,0.0,0.0,0.0,0.0,0.0,0.0,0.0,0.0,0.0,0.0,1.0,0.0,0.0,0.806:0.194,1,0,admin_maads_train_aug_binary_csv
12/22/2023,29.0,37.0,1.0,16.0,0.0,0.0,5732.0,0.0,1.0,1.0,1.0,233.0,0.0,0.0,1.0,0.0,0.0,0.0,0.0,1.0,0.0,0.0,0.0,0.0,0.0,1.0,0.0,0.0,0.0,0.0,1.0,0.0,0.0,0.0,0.0,0.0,0.0,0.0,0.0,0.0,0.0,0.0,1.0,0.0,0.0,0.982:0.018,1,0,admin_maads_train_aug_binary_csv
03/29/2023,40.0,220.0,1.0,18.0,0.0,0.0,5944.0,0.0,1.0,1.0,1.0,128.0,0.0,0.0,1.0,0.0,0.0,0.0,1.0,0.0,0.0,0.0,1.0,0.0,1.0,0.0,0.0,0.0,0.0,0.0,1.0,0.0,0.0,0.0,0.0,0.0,0.0,0.0,0.0,0.0,0.0,0.0,1.0,0.0,0.0,0.989:0.011,1,0,admin_maads_train_aug_binary_csv
12/11/2023,23.0,25.0,1.0,16.0,0.0,0.0,4111.0,0.0,0.0,1.0,1.0,199.0,0.0,1.0,1.0,0.0,0.0,0.0,0.0,1.0,0.0,0.0,0.0,0.0,0.0,0.0,0.0,1.0,0.0,1.0,0.0,0.0,0.0,0.0,0.0,0.0,0.0,0.0,0.0,0.0,0.0,0.0,1.0,0.0,1.0,0.676:0.324,1,0,admin_maads_train_aug_binary_csv
11/23/2023,59.0,36.0,1.0,18.0,0.0,0.0,5812.0,0.0,0.0,1.0,1.0,446.0,0.0,1.0,1.0,0.0,0.0,0.0,0.0,1.0,0.0,0.0,0.0,0.0,0.0,0.0,1.0,0.0,0.0,1.0,0.0,0.0,0.0,0.0,0.0,0.0,0.0,0.0,0.0,0.0,0.0,0.0,1.0,0.0,0.0,0.705:0.295,1,0,admin_maads_train_aug_binary_csv
09/18/2023,28.0,169.0,1.0,16.0,0.0,0.0,5812.0,0.0,0.0,1.0,1.0,663.0,0.0,1.0,1.0,0.0,0.0,0.0,1.0,0.0,0.0,0.0,0.0,0.0,0.0,1.0,0.0,0.0,0.0,1.0,0.0,0.0,0.0,0.0,0.0,0.0,0.0,0.0,0.0,0.0,0.0,0.0,1.0,0.0,0.0,0.769:0.231,1,0,admin_maads_train_aug_binary_csv
11/24/2023,36.0,166.0,1.0,16.0,0.0,0.0,5944.0,0.0,1.0,1.0,1.0,97.0,0.0,0.0,1.0,0.0,0.0,0.0,0.0,1.0,0.0,1.0,0.0,0.0,1.0,0.0,0.0,0.0,0.0,0.0,1.0,0.0,0.0,0.0,0.0,0.0,0.0,0.0,0.0,0.0,0.0,0.0,1.0,0.0,0.0,0.981:0.019,1,0,admin_maads_train_aug_binary_csv
03/21/2023,51.0,86.0,1.0,16.0,0.0,0.0,4111.0,0.0,0.0,1.0,1.0,189.0,0.0,0.0,1.0,0.0,0.0,0.0,1.0,0.0,0.0,1.0,0.0,0.0,0.0,1.0,0.0,0.0,0.0,1.0,0.0,0.0,0.0,1.0,0.0,0.0,0.0,0.0,0.0,0.0,0.0,0.0,0.0,0.0,0.0,0.985:0.015,1,0,admin_maads_train_aug_binary_csv
05/23/2023,35.0,180.0,1.0,16.0,0.0,0.0,6011.0,1.0,0.0,1.0,1.0,367.0,0.0,0.0,1.0,0.0,0.0,0.0,0.0,1.0,0.0,0.0,1.0,0.0,1.0,0.0,0.0,0.0,0.0,0.0,0.0,0.0,0.0,0.0,0.0,0.0,0.0,0.0,0.0,0.0,0.0,0.0,1.0,0.0,0.0,0.696:0.304,1,0,admin_maads_train_aug_binary_csv
10/09/2023,67.0,73.0,1.0,16.0,0.0,0.0,5732.0,0.0,1.0,1.0,1.0,231.0,0.0,0.0,1.0,0.0,0.0,0.0,0.0,1.0,0.0,0.0,1.0,0.0,0.0,0.0,1.0,0.0,0.0,0.0,1.0,0.0,0.0,0.0,0.0,0.0,0.0,0.0,0.0,0.0,0.0,0.0,1.0,0.0,0.0,0.987:0.013,1,0,admin_maads_train_aug_binary_csv
01/09/2023,19.0,36.0,1.0,16.0,0.0,0.0,5734.0,0.0,1.0,1.0,1.0,148.0,0.0,0.0,1.0,0.0,0.0,0.0,0.0,1.0,0.0,0.0,0.0,0.0,0.0,0.0,0.0,1.0,0.0,0.0,1.0,0.0,0.0,0.0,0.0,0.0,0.0,0.0,0.0,0.0,0.0,0.0,1.0,0.0,0.0,0.976:0.024,1,0,admin_maads_train_aug_binary_csv
08/28/2023,47.0,155.0,1.0,16.0,0.0,0.0,5734.0,0.0,1.0,1.0,1.0,504.0,0.0,0.0,1.0,0.0,0.0,0.0,0.0,1.0,0.0,0.0,0.0,0.0,0.0,1.0,0.0,0.0,0.0,0.0,1.0,0.0,0.0,0.0,0.0,0.0,0.0,0.0,0.0,0.0,0.0,0.0,1.0,0.0,0.0,0.989:0.011,1,0,admin_maads_train_aug_binary_csv
10/18/2023,25.0,62.0,1.0,18.0,0.0,0.0,5944.0,0.0,1.0,1.0,1.0,478.0,0.0,0.0,1.0,0.0,0.0,0.0,1.0,0.0,0.0,0.0,1.0,0.0,0.0,0.0,0.0,1.0,0.0,0.0,1.0,0.0,0.0,0.0,0.0,0.0,0.0,0.0,0.0,0.0,0.0,0.0,1.0,0.0,0.0,0.985:0.015,1,0,admin_maads_train_aug_binary_csv
05/01/2023,43.0,98.0,1.0,17.0,0.0,0.0,5411.0,0.0,0.0,1.0,1.0,378.0,0.0,0.0,1.0,0.0,0.0,0.0,0.0,1.0,0.0,1.0,0.0,0.0,0.0,1.0,0.0,0.0,0.0,1.0,0.0,0.0,0.0,0.0,0.0,0.0,0.0,0.0,0.0,0.0,0.0,0.0,1.0,0.0,0.0,0.992:0.008,1,0,admin_maads_train_aug_binary_csv
06/08/2023,27.0,219.0,1.0,16.0,0.0,0.0,6011.0,1.0,0.0,1.0,1.0,196.0,0.0,0.0,1.0,0.0,0.0,0.0,1.0,0.0,0.0,0.0,1.0,0.0,0.0,0.0,0.0,1.0,0.0,0.0,0.0,0.0,0.0,0.0,0.0,0.0,0.0,0.0,0.0,0.0,0.0,0.0,1.0,0.0,0.0,0.724:0.276,1,0,admin_maads_train_aug_binary_csv
06/30/2023,61.0,64.0,1.0,16.0,0.0,0.0,5812.0,0.0,0.0,1.0,1.0,563.0,0.0,1.0,1.0,0.0,0.0,0.0,1.0,0.0,0.0,0.0,1.0,0.0,0.0,0.0,1.0,0.0,0.0,1.0,0.0,0.0,0.0,0.0,0.0,0.0,0.0,0.0,0.0,0.0,0.0,0.0,1.0,0.0,0.0,0.769:0.231,1,0,admin_maads_train_aug_binary_csv
05/22/2023,57.0,165.0,1.0,16.0,0.0,0.0,5814.0,0.0,0.0,1.0,1.0,139.0,0.0,0.0,1.0,0.0,0.0,0.0,0.0,1.0,0.0,0.0,1.0,0.0,1.0,0.0,0.0,0.0,0.0,1.0,0.0,0.0,0.0,0.0,0.0,0.0,0.0,0.0,0.0,0.0,0.0,0.0,1.0,0.0,0.0,0.994:0.006,1,0,admin_maads_train_aug_binary_csv
12/08/2023,51.0,165.0,1.0,16.0,0.0,0.0,5734.0,0.0,1.0,1.0,1.0,96.0,0.0,0.0,1.0,0.0,0.0,0.0,0.0,1.0,0.0,1.0,0.0,0.0,0.0,0.0,1.0,0.0,0.0,0.0,1.0,0.0,0.0,0.0,0.0,0.0,0.0,0.0,0.0,0.0,0.0,0.0,1.0,0.0,0.0,0.981:0.019,1,0,admin_maads_train_aug_binary_csv
